{"Loss/Train": 1.1771707643162121, "_timestamp": 1723361601.960371, "_runtime": 2.9989380836486816, "_step": 59, "Loss/Valid": 3.1000038385391235, "_wandb": {"runtime": 2}}