{"Loss/Train": 1.1771707643162121, "_timestamp": 1723363479.137861, "_runtime": 3.2764999866485596, "_step": 59, "Loss/Valid": 3.1000038385391235, "_wandb": {"runtime": 2}}