{"Loss/Train": 1.1771707643162121, "_timestamp": 1723437484.1267273, "_runtime": 3.191413402557373, "_step": 59, "Loss/Valid": 3.1000038385391235, "_wandb": {"runtime": 2}}